{"cameraMode":{"drawMode":0,"name":"Shaded","section":"Shading Mode"},"sceneLighting":true,"audioPlay":false,"sceneViewState":{"m_AlwaysRefresh":false,"showFog":true,"showSkybox":true,"showFlares":true,"showImageEffects":true,"showParticleSystems":true,"showVisualEffectGraphs":true,"m_FxEnabled":true},"in2DMode":false,"pivot":{"x":10.396515846252442,"y":5.473997116088867,"z":8.833043098449707},"rotation":{"x":0.2738690674304962,"y":-0.36912381649017336,"z":0.11479102075099945,"w":0.8806633949279785},"size":10.978793144226075,"orthographic":false}